filename,class,xmin,ymin,xmax,ymax
GOPR0492_MP4-93_jpg.rf.53d0a1f36ac147eb5e8e52f192069585.jpg,awake,772,374,1103,853
GOPR0492_MP4-394_jpg.rf.e6ed57f0517ac29e7252ad532ae89956.jpg,awake,784,407,1170,864
GOPR0492_MP4-259_jpg.rf.7b307acb624db1a2a3b35f128bb42951.jpg,drowsy,789,392,1117,945
GOPR0492_MP4-85_jpg.rf.bed4733f22171e9f22ce5448c044f73a.jpg,awake,696,392,1101,835
GOPR0492_MP4-276_jpg.rf.a77fcd751e2dfbd34164628d9b50e08a.jpg,drowsy,722,379,1111,887
GOPR0492_MP4-452_jpg.rf.cde4ebcca653d29978388b0700e0c70c.jpg,awake,769,392,1171,819
GOPR0492_MP4-233_jpg.rf.2bf7d0d1e28d21902d7010c3a52495e8.jpg,drowsy,760,421,1264,992
GOPR0492_MP4-164_jpg.rf.fd0748c4191b84678c5b7e4d429e62ce.jpg,drowsy,775,388,1113,876
GOPR0492_MP4-115_jpg.rf.5e596eb25287d74e94a9ad704f4df709.jpg,drowsy,790,361,1114,921
GOPR0492_MP4-186_jpg.rf.f9fe19af332743a2f51328297220ceb4.jpg,awake,773,371,1128,844
GOPR0492_MP4-78_jpg.rf.6512369dd08e48e3ab8820bfc8a7ed3d.jpg,drowsy,643,380,1259,967
GOPR0492_MP4-23_jpg.rf.e6e98eb8c0be2021ab282d74753d0f22.jpg,drowsy,761,367,1262,988
GOPR0492_MP4-105_jpg.rf.a54834dc2523d41f0bcc3662046c6585.jpg,drowsy,819,390,1191,984
GOPR0492_MP4-361_jpg.rf.f05f46039eac701d865909a8d5797a5f.jpg,drowsy,693,425,1060,862
GOPR0492_MP4-328_jpg.rf.4b790617b38fd4ac9251d3e9f4585ce9.jpg,drowsy,692,399,1086,899
GOPR0492_MP4-531_jpg.rf.d62eb4ca902b3c7a2aad6c5579c8fb45.jpg,awake,771,401,1157,899
GOPR0492_MP4-325_jpg.rf.53ad5e0021a06b72dd7d1b362b54f25b.jpg,drowsy,716,413,1084,874
GOPR0492_MP4-193_jpg.rf.ad114944c927b228c85e791479dcfa47.jpg,drowsy,754,375,1162,982
GOPR0492_MP4-385_jpg.rf.f2fb6eee50b383a15ab3975ddbe84c19.jpg,awake,734,390,1089,849
GOPR0492_MP4-392_jpg.rf.dc8b69be71c52d24cb15696f17b0787b.jpg,awake,731,385,1099,857
GOPR0492_MP4-63_jpg.rf.e295cd80d34d2c5e2f5724e3f75d9f00.jpg,drowsy,624,385,1103,928
GOPR0492_MP4-45_jpg.rf.fbf2bfd57a6967ce1dec7ac65ab538f4.jpg,awake,793,387,1120,873
GOPR0492_MP4-438_jpg.rf.56bba7409f893efb40527e78f48f1527.jpg,awake,748,371,1164,829
GOPR0492_MP4-112_jpg.rf.7de84db167fb5fb5bb0e6423a8bf06c7.jpg,awake,794,374,1120,835
GOPR0492_MP4-16_jpg.rf.c79284a428700b12384db5467035d788.jpg,awake,804,394,1104,873
GOPR0492_MP4-154_jpg.rf.3c45028b03c571c607ac8ae57efb2261.jpg,drowsy,788,371,1126,974
GOPR0492_MP4-32_jpg.rf.8ade8a483e170d9c92aef3b33bbdca58.jpg,awake,770,399,1103,856
GOPR0492_MP4-208_jpg.rf.1b96dc699410439b22d501f65abaa2f3.jpg,awake,781,378,1120,810
GOPR0492_MP4-499_jpg.rf.dc1956c8906d4f13cef69809355b63d4.jpg,awake,756,389,1136,851
GOPR0492_MP4-411_jpg.rf.6cc9fccba2bac3334f414537f70abefd.jpg,awake,680,396,1109,855
GOPR0492_MP4-75_jpg.rf.bc204b58ac32f20c42028606a11b85e2.jpg,awake,775,360,1175,845
GOPR0492_MP4-53_jpg.rf.3ea6fab7b22a34c6ebb8dc7f76c0a8b8.jpg,awake,709,407,1070,862
GOPR0492_MP4-345_jpg.rf.95fb50d71c8bfb62f1fee2153337d81a.jpg,awake,723,423,1109,857
GOPR0492_MP4-377_jpg.rf.0e8bd39520c3fc1507554573a52cee4e.jpg,awake,705,380,1092,831
GOPR0492_MP4-528_jpg.rf.f1a43ee3cce3e3f820e8213c8d79ccc7.jpg,awake,736,378,1163,846
GOPR0492_MP4-194_jpg.rf.247c537df0fd6083607d4aee09b0f522.jpg,drowsy,735,370,1114,992
GOPR0492_MP4-77_jpg.rf.d01da869b32298c1edbdd681f7350fbd.jpg,drowsy,681,372,1281,957
GOPR0492_MP4-401_jpg.rf.b32302a47a0dc8ae1893427b270d0b0e.jpg,drowsy,734,406,1112,923
GOPR0492_MP4-262_jpg.rf.dd6e951e8c1286c8b798f2498a6624d4.jpg,drowsy,762,392,1141,887
GOPR0492_MP4-39_jpg.rf.744c1759861ffe888b4166548753847b.jpg,awake,794,379,1107,872
GOPR0492_MP4-19_jpg.rf.2febc8bfb5d0ed2c473e61a2b5a41f01.jpg,awake,794,387,1143,870
GOPR0492_MP4-127_jpg.rf.4303159c0fbd3ddce52b1397aac69242.jpg,drowsy,789,367,1082,914
GOPR0492_MP4-213_jpg.rf.aab2c0d52b2b1e90a81ae07a268d6127.jpg,awake,746,366,1131,831
GOPR0492_MP4-1_jpg.rf.8884243c0d074183b8848b9dce54a0eb.jpg,awake,700,238,1231,839
GOPR0492_MP4-297_jpg.rf.6453d7a60ce2ee5af9583941fc3486b8.jpg,drowsy,768,397,1152,976
GOPR0492_MP4-218_jpg.rf.69b8ffb6bd15ebec63328bbca52e4b03.jpg,awake,813,384,1180,844
GOPR0492_MP4-437_jpg.rf.543450417bdea9df8cb3f6d1d7a29235.jpg,awake,776,436,1133,872
GOPR0492_MP4-473_jpg.rf.afbfe7a008b37b1a86e8b0309269b163.jpg,awake,790,438,1095,848
GOPR0492_MP4-332_jpg.rf.a64e173ecb9d5a59174a2255eb063e5e.jpg,drowsy,768,406,1068,887
GOPR0492_MP4-524_jpg.rf.898ca2957704f151d398ca61c51181ac.jpg,awake,718,407,1086,834
GOPR0492_MP4-114_jpg.rf.50199120f581ac3af56d75bc102b21dd.jpg,awake,828,394,1112,846
GOPR0492_MP4-403_jpg.rf.563138b5efc6f1c30d42d8b61e19f377.jpg,drowsy,763,385,1132,896
GOPR0492_MP4-480_jpg.rf.a704ba19a4261e4a3d33093b5b4eb41b.jpg,awake,736,409,1250,822
GOPR0492_MP4-420_jpg.rf.2ff22220b0894a1c9a10fc4063aba879.jpg,awake,726,355,1093,890
GOPR0492_MP4-47_jpg.rf.28c4dbc93cd75715a718d56be71e75e0.jpg,awake,867,373,1082,832
GOPR0492_MP4-184_jpg.rf.e72500eb866362cdd34276a2c6405452.jpg,awake,711,373,1122,856
GOPR0492_MP4-60_jpg.rf.2d29273a42d8e70cfb986c0fc63b9764.jpg,drowsy,656,386,1101,956
GOPR0492_MP4-232_jpg.rf.f56427fc7c723dcce4eed8ae31e40d37.jpg,drowsy,702,408,1296,994
GOPR0492_MP4-138_jpg.rf.246a708c213af40ae282c5d1f2fe9318.jpg,awake,744,396,1138,805
GOPR0492_MP4-512_jpg.rf.dfc2ae22b7f1dd0a04ffd221dacf6d4b.jpg,awake,732,441,1149,849
GOPR0492_MP4-292_jpg.rf.130b9aa18aeaaee94e2f44b9b141684e.jpg,drowsy,808,364,1136,952
GOPR0492_MP4-326_jpg.rf.15baf98c7d9474194f8660046443f7e5.jpg,drowsy,715,413,1063,876
GOPR0492_MP4-415_jpg.rf.aacc03e038315f5e09f21723b9b3cc8e.jpg,awake,658,386,1119,840
GOPR0492_MP4-510_jpg.rf.583e3816486c28dd29fe19c4f3c88150.jpg,awake,788,429,1162,840
GOPR0492_MP4-264_jpg.rf.55fb74692450fb61bf33624d546ab638.jpg,drowsy,769,389,1112,867
GOPR0492_MP4-46_jpg.rf.a769c92b1da10ce7054a1875b3fa7cd2.jpg,awake,794,388,1125,865
GOPR0492_MP4-459_jpg.rf.f93ba6bdc74b6c8f0f4aebd62be286d6.jpg,awake,747,383,1172,826
GOPR0492_MP4-311_jpg.rf.9683416e178fb4ea6cc9b7dd20481acd.jpg,drowsy,933,427,1285,895
GOPR0492_MP4-175_jpg.rf.881a98e366ab56eb479604154107b0cb.jpg,awake,757,385,1103,866
GOPR0492_MP4-87_jpg.rf.ad84434ebf839faf541cb23a33f36e6e.jpg,awake,707,365,1101,827
GOPR0492_MP4-476_jpg.rf.f35e7c522381efc4822845723e2d1e9e.jpg,awake,768,396,1136,877
GOPR0492_MP4-493_jpg.rf.0017eb7a7ec106875b92aa4b0ae5c94c.jpg,awake,735,403,1155,848
GOPR0492_MP4-151_jpg.rf.acc74ec06c2a438f4f2eb109d959d863.jpg,drowsy,748,344,1150,921
GOPR0492_MP4-71_jpg.rf.b6404067aede2da178c5eb434c853d3d.jpg,awake,692,366,1085,828
GOPR0492_MP4-235_jpg.rf.6580ba3a8050f1923ebf99e54ba228cf.jpg,drowsy,749,426,1278,1013
GOPR0492_MP4-517_jpg.rf.0824d0160dfbfdad082da79f0ba8cdbd.jpg,awake,745,404,1062,875
GOPR0492_MP4-34_jpg.rf.3a3864530e08ae5dca898adf3f7d6103.jpg,awake,770,377,1083,871
GOPR0492_MP4-141_jpg.rf.8e46b9c9c6fd63a64bc093cf813f1fde.jpg,awake,729,406,1148,877
GOPR0492_MP4-494_jpg.rf.3a56a5440c7be39e685055a8043a8ebc.jpg,drowsy,711,396,1135,858
GOPR0492_MP4-201_jpg.rf.d8dd9975f5d4e39cdcb75efdecf3c3b8.jpg,awake,675,392,1082,871
GOPR0492_MP4-118_jpg.rf.34ccd18d5716849035a845141bd4a42f.jpg,awake,703,375,1199,894
GOPR0492_MP4-188_jpg.rf.41c09d36d6b4a659ba00e83f1489d664.jpg,awake,808,375,1097,838
GOPR0492_MP4-101_jpg.rf.39e462eb77105102cf12daf062fe91fa.jpg,drowsy,601,359,1430,953
GOPR0492_MP4-471_jpg.rf.1ae3e60cd8c361aecb3793795ebc7b93.jpg,awake,744,408,1097,829
GOPR0492_MP4-522_jpg.rf.c246d238b9a4d3a3835a9b3122ad4977.jpg,awake,753,419,1097,834
GOPR0492_MP4-83_jpg.rf.3dca81df8d8b754d0e8bb98f8957a66f.jpg,drowsy,682,396,1091,881
GOPR0492_MP4-390_jpg.rf.40133f89bad1fe262fd133c4a69111f6.jpg,awake,721,396,1047,870
GOPR0492_MP4-170_jpg.rf.4c18d76470c3e3e43107d627ce37e46c.jpg,awake,753,413,1141,896
GOPR0492_MP4-448_jpg.rf.ab27dc5884baa466f0ce3993a6a37309.jpg,drowsy,743,400,1131,869
GOPR0492_MP4-140_jpg.rf.b957c64197a18c341209dd4ba9ba24e0.jpg,awake,763,389,1078,846
GOPR0492_MP4-466_jpg.rf.e399c2fb1cbb57e7f6c3dc62e7c4bb64.jpg,awake,775,441,1080,849
GOPR0492_MP4-383_jpg.rf.deb51480918f164251de0504e5aa9049.jpg,awake,747,407,1075,836
GOPR0492_MP4-519_jpg.rf.a7497ba64ba7a346a1c7c007a5f0bba7.jpg,awake,817,391,1094,902
GOPR0492_MP4-521_jpg.rf.42ffac9ae042de577153b5e78471d1a9.jpg,awake,734,420,1089,849
GOPR0492_MP4-64_jpg.rf.280e96c74ce56eed7ed01be177d3a5d1.jpg,drowsy,617,409,1061,896
GOPR0492_MP4-223_jpg.rf.1899b5cbd8fb0a83d7b70570717ed98a.jpg,awake,784,417,1115,877
GOPR0492_MP4-142_jpg.rf.c10a392ab74382aec3fa38af5f863752.jpg,awake,770,428,1077,864
GOPR0492_MP4-41_jpg.rf.0b33af819e39ec8a18844e10efd79a0a.jpg,awake,854,381,1220,840
GOPR0492_MP4-145_jpg.rf.d33f6c14ba651fcfaeac6e4b95707c88.jpg,awake,677,390,1106,824
GOPR0492_MP4-421_jpg.rf.74effd6d84017e1e139044fa2fae45ba.jpg,awake,772,379,1100,864
GOPR0492_MP4-54_jpg.rf.af93635661848f4d1cc60a781123f831.jpg,drowsy,779,374,1183,879
GOPR0492_MP4-79_jpg.rf.6db1854dc28317ceccd31e521108b08c.jpg,drowsy,703,404,1235,990
GOPR0492_MP4-246_jpg.rf.2bfc17e4f03e5fc1022f21ecb8340139.jpg,drowsy,661,371,1089,968
GOPR0492_MP4-146_jpg.rf.83288c0a23861f2e201714069c7c5714.jpg,awake,694,399,1170,828
GOPR0492_MP4-68_jpg.rf.86cfdd50598f4affc5a4e3c4b14e7425.jpg,drowsy,639,429,1062,878
GOPR0492_MP4-368_jpg.rf.dbbe94b9054b7bf7018509f97b88d0ff.jpg,awake,744,414,1062,855
